[
  {
    "model": "myapp.article",
    "pk": 1,
    "fields": {
      "article_title": "La Giornata della Memoria: Per non dimenticare",
      "smart_description": "Un percorso interattivo attraverso la storia della Shoah, dalle leggi razziali alla liberazione.",
      "slides_number": 15,
      "images_number": 10,
      "pdf": "pdf/memoria_storica.pdf",
      "group": "Gruppo 1: Emanuele Magno, Lara Maglione, Antonio De Luca, Luca Pelerusso, Emanuele Cardamuro"
    }
  },
  { "model": "myapp.glossaryterm", "pk": 1, "fields": { "term": "Shoah", "definition": "Termine ebraico: 'catastrofe'.", "extended_explanation": "Sterminio del popolo ebraico.", "related_articles": [1], "created_at": "2026-01-27T09:00:00Z" }},
  { "model": "myapp.glossaryterm", "pk": 2, "fields": { "term": "Antisemitismo", "definition": "Odio contro gli ebrei.", "extended_explanation": "Pregiudizio razziale sistemico.", "related_articles": [1], "created_at": "2026-01-27T09:00:00Z" }},
  { "model": "myapp.glossaryterm", "pk": 3, "fields": { "term": "Leggi Razziali", "definition": "Provvedimenti discriminatori del 1938.", "related_articles": [1], "created_at": "2026-01-27T09:00:00Z" }},
  { "model": "myapp.glossaryterm", "pk": 4, "fields": { "term": "Giusti", "definition": "Non ebrei che salvarono vite.", "related_articles": [1], "created_at": "2026-01-27T09:00:00Z" }},
  { "model": "myapp.glossaryterm", "pk": 5, "fields": { "term": "Lager", "definition": "Campo di concentramento.", "related_articles": [1], "created_at": "2026-01-27T09:00:00Z" }},
  { "model": "myapp.glossaryterm", "pk": 6, "fields": { "term": "Deportazione", "definition": "Trasferimento coatto.", "related_articles": [1], "created_at": "2026-01-27T09:00:00Z" }},
  { "model": "myapp.glossaryterm", "pk": 7, "fields": { "term": "Yad Vashem", "definition": "Ente per la Memoria in Israele.", "related_articles": [1], "created_at": "2026-01-27T09:00:00Z" }},
  { "model": "myapp.glossaryterm", "pk": 8, "fields": { "term": "Ghetto", "definition": "Quartiere di confinamento.", "related_articles": [1], "created_at": "2026-01-27T09:00:00Z" }},
  { "model": "myapp.glossaryterm", "pk": 9, "fields": { "term": "Genocidio", "definition": "Distruzione di un gruppo.", "related_articles": [1], "created_at": "2026-01-27T09:00:00Z" }},
  { "model": "myapp.glossaryterm", "pk": 10, "fields": { "term": "Porajmos", "definition": "Sterminio di Rom e Sinti.", "related_articles": [1], "created_at": "2026-01-27T09:00:00Z" }},
  { "model": "myapp.glossaryterm", "pk": 11, "fields": { "term": "Resistenza", "definition": "Opposizione al nazifascismo.", "related_articles": [1], "created_at": "2026-01-27T09:00:00Z" }},
  { "model": "myapp.glossaryterm", "pk": 12, "fields": { "term": "Judenrat", "definition": "Consigli ebraici nei ghetti.", "related_articles": [1], "created_at": "2026-01-27T09:00:00Z" }},
  { "model": "myapp.glossaryterm", "pk": 13, "fields": { "term": "Binario 21", "definition": "Memoriale a Milano Centrale.", "related_articles": [1], "created_at": "2026-01-27T09:00:00Z" }},
  { "model": "myapp.glossaryterm", "pk": 14, "fields": { "term": "Negazionismo", "definition": "Tesi che nega la Shoah.", "related_articles": [1], "created_at": "2026-01-27T09:00:00Z" }},
  { "model": "myapp.glossaryterm", "pk": 15, "fields": { "term": "Soluzione Finale", "definition": "Eufemismo per lo sterminio.", "related_articles": [1], "created_at": "2026-01-27T09:00:00Z" }},

  { "model": "myapp.historicalevent", "pk": 1, "fields": { "date": "1933-01-30", "title": "Hitler Cancelliere", "short_description": "Ascesa al potere.", "full_description": "Inizio del Terzo Reich.", "importance": 4, "related_articles": [1] }},
  { "model": "myapp.historicalevent", "pk": 2, "fields": { "date": "1935-09-15", "title": "Leggi di Norimberga", "short_description": "Discriminazione legale.", "full_description": "Privazione dei diritti civili.", "importance": 4, "related_articles": [1] }},
  { "model": "myapp.historicalevent", "pk": 3, "fields": { "date": "1938-11-09", "title": "Notte dei Cristalli", "short_description": "Pogrom nazionale.", "full_description": "Violenza di massa organizzata.", "importance": 4, "related_articles": [1] }},
  { "model": "myapp.historicalevent", "pk": 4, "fields": { "date": "1938-11-17", "title": "Leggi Razziali Italia", "short_description": "Fascismo e antisemitismo.", "full_description": "Espulsione degli ebrei dalle scuole.", "importance": 4, "related_articles": [1] }},
  { "model": "myapp.historicalevent", "pk": 5, "fields": { "date": "1942-01-20", "title": "Conferenza Wannsee", "short_description": "Pianificazione tecnica.", "full_description": "Decisione sulla Soluzione Finale.", "importance": 4, "related_articles": [1] }},
  { "model": "myapp.historicalevent", "pk": 6, "fields": { "date": "1943-10-16", "title": "Rastrellamento Roma", "short_description": "Ghetto di Roma.", "full_description": "Deportazione di 1022 persone.", "importance": 4, "related_articles": [1] }},
  { "model": "myapp.historicalevent", "pk": 7, "fields": { "date": "1944-03-24", "title": "Fosse Ardeatine", "short_description": "Eccidio nazista.", "full_description": "Rappresaglia per l'attacco di via Rasella.", "importance": 3, "related_articles": [1] }},
  { "model": "myapp.historicalevent", "pk": 8, "fields": { "date": "1945-01-27", "title": "Liberazione Auschwitz", "short_description": "Arrivo Armata Rossa.", "full_description": "Fine dell'orrore nel campo principale.", "importance": 4, "related_articles": [1] }},
  { "model": "myapp.historicalevent", "pk": 9, "fields": { "date": "1945-11-20", "title": "Processo Norimberga", "short_description": "Giustizia internazionale.", "full_description": "Condanna dei vertici nazisti.", "importance": 3, "related_articles": [1] }},
  { "model": "myapp.historicalevent", "pk": 10, "fields": { "date": "2000-07-20", "title": "Legge 211/2000", "short_description": "Istituzione Memoria.", "full_description": "L'Italia riconosce il 27 gennaio.", "importance": 3, "related_articles": [1] }},

  { "model": "myapp.quiz", "pk": 1, "fields": { "article": 1, "title": "Quiz sulla Shoah", "description": "Verifica conoscenze.", "difficulty": "medio", "time_limit": 15, "passing_score": 60, "is_active": true, "created_at": "2026-01-27T10:00:00Z" }},
  { "model": "myapp.quiz", "pk": 2, "fields": { "article": 1, "title": "I Giusti", "description": "Domande sull'etica.", "difficulty": "facile", "time_limit": 10, "passing_score": 70, "is_active": true, "created_at": "2026-01-27T10:00:00Z" }},

  { "model": "myapp.question", "pk": 1, "fields": { "quiz": 1, "question_type": "multiple_choice", "text": "Quando fu liberato Auschwitz?", "explanation": "27 gennaio 1945.", "points": 1, "order": 1 }},
  { "model": "myapp.question", "pk": 2, "fields": { "quiz": 1, "question_type": "true_false", "text": "Le leggi razziali in Italia sono del 1938.", "explanation": "Vero.", "points": 1, "order": 2 }},
  { "model": "myapp.question", "pk": 3, "fields": { "quiz": 1, "question_type": "multiple_choice", "text": "Cosa significa Shoah?", "explanation": "Catastrofe.", "points": 1, "order": 3 }},
  { "model": "myapp.question", "pk": 4, "fields": { "quiz": 1, "question_type": "multiple_choice", "text": "Dove si trova il Binario 21?", "explanation": "Milano.", "points": 1, "order": 4 }},
  { "model": "myapp.question", "pk": 5, "fields": { "quiz": 1, "question_type": "true_false", "text": "Wannsee pianificò lo sterminio.", "explanation": "Vero.", "points": 1, "order": 5 }},
  { "model": "myapp.question", "pk": 6, "fields": { "quiz": 2, "question_type": "multiple_choice", "text": "Chi sono i Giusti?", "explanation": "Non ebrei soccorritori.", "points": 1, "order": 1 }},
  { "model": "myapp.question", "pk": 7, "fields": { "quiz": 2, "question_type": "multiple_choice", "text": "Cos'è Yad Vashem?", "explanation": "Memoriale.", "points": 1, "order": 2 }},
  { "model": "myapp.question", "pk": 8, "fields": { "quiz": 2, "question_type": "true_false", "text": "Perlasca era un Giusto.", "explanation": "Vero.", "points": 1, "order": 3 }},
  { "model": "myapp.question", "pk": 9, "fields": { "quiz": 2, "question_type": "multiple_choice", "text": "Perché il 27 gennaio?", "explanation": "Liberazione Auschwitz.", "points": 1, "order": 4 }},
  { "model": "myapp.question", "pk": 10, "fields": { "quiz": 2, "question_type": "open_ended", "text": "Riflessione sulla memoria.", "explanation": "Libera.", "points": 2, "order": 5 }},

  { "model": "myapp.answer", "pk": 1, "fields": { "question": 1, "text": "27 Gennaio 1945", "is_correct": true }},
  { "model": "myapp.answer", "pk": 2, "fields": { "question": 1, "text": "25 Aprile 1945", "is_correct": false }},
  { "model": "myapp.answer", "pk": 3, "fields": { "question": 2, "text": "Vero", "is_correct": true }},
  { "model": "myapp.answer", "pk": 4, "fields": { "question": 2, "text": "Falso", "is_correct": false }},
  { "model": "myapp.answer", "pk": 5, "fields": { "question": 3, "text": "Catastrofe", "is_correct": true }},
  { "model": "myapp.answer", "pk": 6, "fields": { "question": 3, "text": "Guerra", "is_correct": false }},
  { "model": "myapp.answer", "pk": 7, "fields": { "question": 4, "text": "Milano", "is_correct": true }},
  { "model": "myapp.answer", "pk": 8, "fields": { "question": 4, "text": "Roma", "is_correct": false }},
  { "model": "myapp.answer", "pk": 9, "fields": { "question": 5, "text": "Vero", "is_correct": true }},
  { "model": "myapp.answer", "pk": 10, "fields": { "question": 5, "text": "Falso", "is_correct": false }},
  { "model": "myapp.answer", "pk": 11, "fields": { "question": 6, "text": "Eroi non ebrei", "is_correct": true }},
  { "model": "myapp.answer", "pk": 12, "fields": { "question": 6, "text": "Soldati", "is_correct": false }},
  { "model": "myapp.answer", "pk": 13, "fields": { "question": 7, "text": "Ente Memoria", "is_correct": true }},
  { "model": "myapp.answer", "pk": 14, "fields": { "question": 7, "text": "Tribunale", "is_correct": false }},
  { "model": "myapp.answer", "pk": 15, "fields": { "question": 8, "text": "Vero", "is_correct": true }},
  { "model": "myapp.answer", "pk": 16, "fields": { "question": 8, "text": "Falso", "is_correct": false }},
  { "model": "myapp.answer", "pk": 17, "fields": { "question": 9, "text": "Liberazione Auschwitz", "is_correct": true }},
  { "model": "myapp.answer", "pk": 18, "fields": { "question": 9, "text": "Caduta Muro", "is_correct": false }},
  { "model": "myapp.answer", "pk": 19, "fields": { "question": 1, "text": "1 Gennaio 1945", "is_correct": false }},
  { "model": "myapp.answer", "pk": 20, "fields": { "question": 3, "text": "Esodo", "is_correct": false }},
  { "model": "myapp.answer", "pk": 21, "fields": { "question": 4, "text": "Napoli", "is_correct": false }},
  { "model": "myapp.answer", "pk": 22, "fields": { "question": 6, "text": "Superstiti", "is_correct": false }},
  { "model": "myapp.answer", "pk": 23, "fields": { "question": 7, "text": "Scuola", "is_correct": false }},
  { "model": "myapp.answer", "pk": 24, "fields": { "question": 9, "text": "Fine Guerra", "is_correct": false }},
  { "model": "myapp.answer", "pk": 25, "fields": { "question": 1, "text": "10 Maggio 1945", "is_correct": false }},
  { "model": "myapp.answer", "pk": 26, "fields": { "question": 3, "text": "Sacrificio", "is_correct": false }},
  { "model": "myapp.answer", "pk": 27, "fields": { "question": 4, "text": "Torino", "is_correct": false }},
  { "model": "myapp.answer", "pk": 28, "fields": { "question": 6, "text": "Politici", "is_correct": false }},
  { "model": "myapp.answer", "pk": 29, "fields": { "question": 7, "text": "Museo", "is_correct": false }},
  { "model": "myapp.answer", "pk": 30, "fields": { "question": 9, "text": "Armistizio", "is_correct": false }},

  { "model": "myapp.annotation", "pk": 1, "fields": { "slide": 1, "student_name": "Emanuele Cardamuro", "class_group": "5B", "text_selection": "27 gennaio", "note": "Data simbolica.", "x_position": 10.0, "y_position": 20.0, "created_at": "2026-01-27T11:00:00Z" }},
  { "model": "myapp.annotation", "pk": 2, "fields": { "slide": 1, "student_name": "Lara Maglione", "class_group": "5B", "text_selection": "1938", "note": "Leggi razziali.", "x_position": 15.0, "y_position": 40.0, "created_at": "2026-01-27T11:00:00Z" }},
  { "model": "myapp.annotation", "pk": 3, "fields": { "slide": 1, "student_name": "Antonio De Luca", "class_group": "5B", "text_selection": "Indifferenza", "note": "Liliana Segre.", "x_position": 50.0, "y_position": 50.0, "created_at": "2026-01-27T11:00:00Z" }},
  { "model": "myapp.annotation", "pk": 4, "fields": { "slide": 1, "student_name": "Luca Pelerusso", "class_group": "5B", "text_selection": "Auschwitz", "note": "Lager principale.", "x_position": 5.0, "y_position": 5.0, "created_at": "2026-01-27T11:00:00Z" }},
  { "model": "myapp.annotation", "pk": 5, "fields": { "slide": 1, "student_name": "Filippo Cuccurullo", "class_group": "4A", "text_selection": "Ghetto", "note": "Segregazione.", "x_position": 20.0, "y_position": 20.0, "created_at": "2026-01-27T11:00:00Z" }},
  { "model": "myapp.annotation", "pk": 6, "fields": { "slide": 1, "student_name": "Giuseppe Cotrufo", "class_group": "4A", "text_selection": "Giusti", "note": "Resistenza.", "x_position": 30.0, "y_position": 30.0, "created_at": "2026-01-27T11:00:00Z" }},
  { "model": "myapp.annotation", "pk": 7, "fields": { "slide": 1, "student_name": "Antonio Ventriglia", "class_group": "4A", "text_selection": "Shoah", "note": "Termine.", "x_position": 40.0, "y_position": 40.0, "created_at": "2026-01-27T11:00:00Z" }},
  { "model": "myapp.annotation", "pk": 8, "fields": { "slide": 1, "student_name": "Antonio De Fenza", "class_group": "4A", "text_selection": "Hitler", "note": "Potere.", "x_position": 50.0, "y_position": 50.0, "created_at": "2026-01-27T11:00:00Z" }},
  { "model": "myapp.annotation", "pk": 9, "fields": { "slide": 1, "student_name": "Lorenzo Di Guida", "class_group": "4A", "text_selection": "Binario 21", "note": "Milano.", "x_position": 60.0, "y_position": 60.0, "created_at": "2026-01-27T11:00:00Z" }},
  { "model": "myapp.annotation", "pk": 10, "fields": { "slide": 1, "student_name": "Francesco La Marca", "class_group": "4A", "text_selection": "Memoria", "note": "Futuro.", "x_position": 70.0, "y_position": 70.0, "created_at": "2026-01-27T11:00:00Z" }},

  { "model": "myapp.discussiontopic", "pk": 1, "fields": { "article": 1, "title": "Il Testimone", "description": "Superstiti.", "created_by": "Prof. Bianchi", "class_group": "5B", "created_at": "2026-01-27T12:00:00Z" }},
  { "model": "myapp.discussiontopic", "pk": 2, "fields": { "article": 1, "title": "Oggi", "description": "Riflessi.", "created_by": "Prof. Rossi", "class_group": "4A", "created_at": "2026-01-27T12:00:00Z" }},

  { "model": "myapp.discussionpost", "pk": 1, "fields": { "topic": 1, "author_name": "Emanuele Magno", "content": "Studiare.", "created_at": "2026-01-27T12:10:00Z" }},
  { "model": "myapp.discussionpost", "pk": 2, "fields": { "topic": 1, "author_name": "Lara Maglione", "content": "Musei.", "created_at": "2026-01-27T12:15:00Z" }},
  { "model": "myapp.discussionpost", "pk": 3, "fields": { "topic": 2, "author_name": "Antonio De Luca", "content": "Attualità.", "created_at": "2026-01-27T12:20:00Z" }},
  { "model": "myapp.discussionpost", "pk": 4, "fields": { "topic": 2, "author_name": "Luca Pelerusso", "content": "Parole.", "created_at": "2026-01-27T12:25:00Z" }},
  { "model": "myapp.discussionpost", "pk": 5, "fields": { "topic": 1, "author_name": "Emanuele Cardamuro", "content": "Ponti.", "created_at": "2026-01-27T12:30:00Z" }},

  { "model": "myapp.aigeneratedcontent", "pk": 1, "fields": { "article": 1, "content_type": "summary", "content": "Sintesi.", "student_level": "intermedio", "generated_at": "2026-01-27T13:00:00Z" }},
  { "model": "myapp.aigeneratedcontent", "pk": 2, "fields": { "article": 1, "content_type": "reflection", "content": "Male.", "student_level": "avanzato", "generated_at": "2026-01-27T13:00:00Z" }},
  { "model": "myapp.aigeneratedcontent", "pk": 3, "fields": { "article": 1, "content_type": "questions", "content": "Guida.", "student_level": "base", "generated_at": "2026-01-27T13:00:00Z" }},

  { "model": "myapp.studentprogress", "pk": 1, "fields": { "student_name": "Emanuele Magno", "class_group": "5B", "article": 1, "completion_percentage": 100.0, "time_spent": 3600, "last_accessed": "2026-01-27T16:00:00Z" }},
  { "model": "myapp.studentprogress", "pk": 2, "fields": { "student_name": "Lara Maglione", "class_group": "5B", "article": 1, "completion_percentage": 90.0, "time_spent": 3000, "last_accessed": "2026-01-27T16:00:00Z" }},
  { "model": "myapp.studentprogress", "pk": 3, "fields": { "student_name": "Antonio De Luca", "class_group": "5B", "article": 1, "completion_percentage": 75.0, "time_spent": 2500, "last_accessed": "2026-01-27T16:00:00Z" }},
  { "model": "myapp.studentprogress", "pk": 4, "fields": { "student_name": "Luca Pelerusso", "class_group": "5B", "article": 1, "completion_percentage": 85.0, "time_spent": 2800, "last_accessed": "2026-01-27T16:00:00Z" }},
  { "model": "myapp.studentprogress", "pk": 5, "fields": { "student_name": "Emanuele Cardamuro", "class_group": "5B", "article": 1, "completion_percentage": 100.0, "time_spent": 4000, "last_accessed": "2026-01-27T16:00:00Z" }},
  { "model": "myapp.studentprogress", "pk": 6, "fields": { "student_name": "Filippo Cuccurullo", "class_group": "4A", "article": 1, "completion_percentage": 60.0, "time_spent": 1500, "last_accessed": "2026-01-27T16:00:00Z" }},
  { "model": "myapp.studentprogress", "pk": 7, "fields": { "student_name": "Giuseppe Cotrufo", "class_group": "4A", "article": 1, "completion_percentage": 50.0, "time_spent": 1200, "last_accessed": "2026-01-27T16:00:00Z" }},
  { "model": "myapp.studentprogress", "pk": 8, "fields": { "student_name": "Antonio Ventriglia", "class_group": "4A", "article": 1, "completion_percentage": 95.0, "time_spent": 3200, "last_accessed": "2026-01-27T16:00:00Z" }},
  { "model": "myapp.studentprogress", "pk": 9, "fields": { "student_name": "Antonio De Fenza", "class_group": "4A", "article": 1, "completion_percentage": 80.0, "time_spent": 2600, "last_accessed": "2026-01-27T16:00:00Z" }},
  { "model": "myapp.studentprogress", "pk": 10, "fields": { "student_name": "Lorenzo Di Guida", "class_group": "4A", "article": 1, "completion_percentage": 70.0, "time_spent": 2100, "last_accessed": "2026-01-27T16:00:00Z" }},

  { "model": "myapp.interaction", "pk": 1, "fields": { "article": 1, "type": "view", "element": "Video", "student_name": "Emanuele Magno", "timestamp": "2026-01-27T15:00:00Z" }},
  { "model": "myapp.interaction", "pk": 2, "fields": { "article": 1, "type": "click", "element": "Link", "student_name": "Lara Maglione", "timestamp": "2026-01-27T15:05:00Z" }},
  { "model": "myapp.interaction", "pk": 3, "fields": { "article": 1, "type": "download", "element": "PDF", "student_name": "Antonio De Luca", "timestamp": "2026-01-27T15:10:00Z" }},
  { "model": "myapp.interaction", "pk": 4, "fields": { "article": 1, "type": "view", "element": "Slide", "student_name": "Luca Pelerusso", "timestamp": "2026-01-27T15:15:00Z" }},
  { "model": "myapp.interaction", "pk": 5, "fields": { "article": 1, "type": "click", "element": "Glossario", "student_name": "Emanuele Cardamuro", "timestamp": "2026-01-27T15:20:00Z" }},

  { "model": "myapp.reaction", "pk": 1, "fields": { "article": 1, "type": "heart", "ip_address": "127.0.0.1", "created_at": "2026-01-27T15:30:00Z" }},
  { "model": "myapp.reaction", "pk": 2, "fields": { "article": 1, "type": "thinking", "ip_address": "127.0.0.1", "created_at": "2026-01-27T15:31:00Z" }},
  { "model": "myapp.reaction", "pk": 3, "fields": { "article": 1, "type": "star", "ip_address": "127.0.0.1", "created_at": "2026-01-27T15:32:00Z" }},
  { "model": "myapp.reaction", "pk": 4, "fields": { "article": 1, "type": "clap", "ip_address": "127.0.0.1", "created_at": "2026-01-27T15:33:00Z" }},
  { "model": "myapp.reaction", "pk": 5, "fields": { "article": 1, "type": "heart", "ip_address": "192.168.1.1", "created_at": "2026-01-27T15:34:00Z" }}
]